<?xml version="1.0" encoding="UTF-8" standalone="no"?>
<ServerSettings DomainId="A9E5969DC0A80173004E5ACA982AFFC5">
  <CommConf>
    <AgentCommunicationSetting AlwaysConnect="1" CommunicationMode="PUSH" DisableDownloadProfile="0" Kcs="F8B63CB9429C878D9F1829B40E7CCAFB" PushHeartbeatSeconds="300" UploadCmdStateHeartbeatSeconds="300" UploadLearnedApp="0" UploadLogHeartbeatSeconds="300" UploadOpStateHeartbeatSeconds="300"/>
    <LogSetting MaxLogRecords="100" SendingLogAllowed="1" UploadProcessLog="1" UploadRawLog="1" UploadSecurityLog="1" UploadSystemLog="1" UploadTrafficLog="1"/>
    <RegisterClient PreferredGroup="My Company\Default Group" PreferredMode="1"/>
    <ServerList FreezeSmsList="0" Name="Default Management Server List for My Site">
      <ServerPriorityBlock Name="List0">
        <Server Address="192.168.1.115" HttpsPort="443" Protocol="HTTPS" VerifySignatures="1"/>
        <Server Address="DESKTOP-8J2MSOK" HttpsPort="443" Protocol="HTTPS" VerifySignatures="1"/>
      </ServerPriorityBlock>
    </ServerList>
    <ServerCertList>
      <Certificate Name="DESKTOP-8J2MSOK">-----BEGIN CERTIFICATE-----
MIIEUzCCAzugAwIBAgIDBGl3MA0GCSqGSIb3DQEBCwUAMHkxCzAJBgNVBAYTAlVTMQswCQYDVQQI&#13;
EwJDQTEWMBQGA1UEBxMNTW91bnRhaW4gVmlldzEdMBsGA1UEChMUU3ltYW50ZWMgQ29ycG9yYXRp&#13;
b24xDDAKBgNVBAsTA0VTRzEYMBYGA1UEAxMPREVTS1RPUC04SjJNU09LMB4XDTIwMDUzMDE3MzY0&#13;
MFoXDTMwMDYyNzE3MzY0MFoweTELMAkGA1UEBhMCVVMxCzAJBgNVBAgTAkNBMRYwFAYDVQQHEw1N&#13;
b3VudGFpbiBWaWV3MR0wGwYDVQQKExRTeW1hbnRlYyBDb3Jwb3JhdGlvbjEMMAoGA1UECxMDRVNH&#13;
MRgwFgYDVQQDEw9ERVNLVE9QLThKMk1TT0swggEiMA0GCSqGSIb3DQEBAQUAA4IBDwAwggEKAoIB&#13;
AQDIOmfg32kbIhhVT7dFnfktxGNPDFTezitRAXP6etTkOLQJNL3ahUByf4ETsCBZpltDv0x1++cE&#13;
0FzPNLMgWPnFCt29fcJO2atWEZRg0Ae9ls2xDAuteAljd1SONVGaw5oak+j/E856ZIP9VLgfr+d0&#13;
ZdaOArDvLSrENXe4b8EsWEXA0UD/s89PRIXc/ZpI57jxneRCTyFy94TLubd8587q5YpzTu3MPpGJ&#13;
IywuLOeN9WKgvVD9unWGXg1P6AokMF6SwavJ0KMpHezjN+SaxRtWnGyFTaXb28AbXt7O+HPpNR/q&#13;
K5ay/vVrd6wC/PpdWxA80bRqZ5evQoJ/ePo8pnM7AgMBAAGjgeMwgeAwHwYDVR0jBBgwFoAUela9&#13;
KDaKIPJy9OxHW4QjQTd6y5AwgZ0GA1UdEQSBlTCBkoIPREVTS1RPUC04SjJNU09LhwTAqAFzgg0x&#13;
OTIuMTY4LjEuMTE1hxD+gAAAAAAAAAmAFxFWZ7DchxD+gAAAAAAAACirO/W1PdDohxD+gAAAAAAA&#13;
AGHCfsiaLHqXhxD+gAAAAAAAAOgkV2fBL8gshxD+gAAAAAAAAP0T+QJvXwjOhxD+gAAAAAAAAAVF&#13;
1SWX17cGMB0GA1UdDgQWBBR6Vr0oNoog8nL07EdbhCNBN3rLkDANBgkqhkiG9w0BAQsFAAOCAQEA&#13;
FTE/RIs9rjYIA/gqMNxhfow3XGnXEFtY2jevvlwYVGDwpS6VClydHax+rkosxU/qv7vsjEtlUflq&#13;
LAbDwn6V5INUCYjSd4OmT5Nj6heI4m9OjIq+Cr5z8urunAyUFrNpo92zXgiCdg3kjFeShrQuOwoV&#13;
UGtedVzspO5TneZt6Be92MZtI5JU/o8e8exvp3X0tegeEggoO2Ncy447B1ij4qQtc6gZnR9CEnrA&#13;
QxXTAlK4PkbBB7zj0UqtQTsRrZ9++1BrPlIh9uZoUp7FNyi5okZlyUW3evtiGp6kwSQ40OD+enxr&#13;
AjfLi1NDm/Srq+7su+sHN0RTX2e++dxkrNjdmg==&#13;
-----END CERTIFICATE-----</Certificate>
    </ServerCertList>
  </CommConf>
</ServerSettings>
